Credit_History,Loan_Amount_Term,ApplicantIncome_log,CoapplicantIncome_log,LoanAmount_log,Total_Income,Loan_Income_Ratio,Loan_Term_Ratio,Income_Term_Ratio
0.0,0.0,-1.5573453249705804,0.0742663973451524,0.5303844840862998,-0.6578396169958108,3.153401479180863,0.4660194174757284,-0.5726065048098947
0.0,0.0,0.5833613206314862,-0.9048566418544353,0.0,0.11714542190305206,-0.21593219090281335,-0.03883495145631055,0.03582461209579865
0.0,0.0,-0.458067192832865,-0.9048566418544353,-0.5945774278077246,-0.766756433273489,1.0385737951208276,-0.4660194174757281,-0.6581157428615056
0.0,0.0,0.8672451279645754,-0.9048566418544353,-0.8399838535283398,0.486983842010772,-1.366797984679666,-0.6084142394822006,0.32618015668863143
0.0,0.0,0.5104542290463386,0.0911309631599144,0.6236974082831742,0.6739976062238181,-0.12254675877875285,0.5695792880258901,0.4730023374091172
0.0,0.0,0.5782891986819546,-0.9048566418544353,0.15001053975159256,0.1111609814482346,-0.010429159913865825,0.0906148867313918,0.031126302312742975
0.0,0.0,-0.5569475556658484,0.012319796373748318,-0.5530300936116932,-0.4735188509874327,0.1453671334679241,-0.44012944983818775,-0.4278985634917838
0.0,0.0,0.06912651197771806,-0.9048566418544353,-0.09573998051021516,-0.39631956912028726,0.6602303386331598,-0.1165048543689319,-0.36729036729036724
0.0,0.0,-0.3307129885926429,0.06703062492344757,0.1787045586624838,-0.1566427289048474,0.5289434983021352,0.11650485436893217,-0.17912306047899268
0.0,0.0,-0.21996815362936845,0.11119156905692747,0.6007753178837211,0.13240574506283662,0.6376818730262802,0.5436893203883497,0.04780530204259022
0.0,0.0,-0.07566829169800467,0.05866938836368498,-0.3022207929835589,-0.01241771394374626,-0.39655925223812516,-0.27184466019417464,-0.06589379470735404
1.0,0.0,-0.5239613175536726,0.04847623302576538,0.787696616265331,-0.3430580490724117,2.3306062664989047,0.7637540453074436,-0.325475410221173
0.0,0.0,0.7127355123479895,-0.007716065363646152,0.7559580167500339,0.5761520047875524,0.17936033934336307,0.7249190938511331,0.39618497245615886
0.0,0.0,-0.6172146870268646,0.15486954153736246,-0.21357509213063947,0.19225014961101136,-0.5638555105069909,-0.20711974110032372,0.09478839987314551
0.0,0.0,-0.1349164365565961,0.052454252679391064,0.0,-0.07974266906044285,0.10242264634338917,-0.03883495145631055,-0.11874977976672893
0.0,0.0,-0.0013139351765902463,0.10238442433663257,0.09135337256357953,0.24521244763614602,-0.27748107823396473,0.03883495145631081,0.13636844145318713
0.0,0.0,-0.6752928977300366,-0.9048566418544353,-1.6844948370566146,-0.884949132256134,-0.2026289850116383,-0.9838187702265373,-0.7509073610768526
0.0,0.0,0.21049024434956512,-0.9048566418544353,-0.21357509213063947,-0.27244165170556556,0.1751075800935256,-0.20711974110032372,-0.2700353547811174
0.0,0.0,-0.01035934618095618,-0.9048566418544353,-0.06331325127500007,-0.460951526032316,0.9056397630691377,-0.09061488673139154,-0.41803211294736714
1.0,0.0,0.4465989877233477,0.008254419129856902,0.7452652302279206,0.3011669658886894,0.574873297077982,0.7119741100323629,0.1802976379247566
-1.0,0.0,0.4922583532311286,-0.9048566418544353,-0.3949910039076512,0.012716935966487134,-0.5364898646361309,-0.3365695792880258,-0.04616089361852067
0.0,0.0,-0.29271779607762977,-0.9048566418544353,-2.8932508010955567,-0.6644225014961102,-1.6638311515748365,-1.3074433656957931,-0.5777746455712557
-1.0,0.0,-0.40038249915443475,0.14061377009616058,0.0,0.20601436265709155,-0.3372991531208266,-0.03883495145631055,0.10559451237417346
0.0,0.0,-0.2173572721618254,0.18507895140922692,-0.07946070718026925,0.7078096947935368,-0.9230219604656034,-0.10355987055016172,0.4995477876833808
0.0,0.0,-0.7493789321237608,-0.9048566418544353,-2.040841985824384,-0.9214542190305206,-0.5074455124610606,-1.1003236245954695,-0.7795670507534914
0.0,0.0,-1.152721394083858,0.05851368617298231,-1.721086687710405,-0.5926092160383004,-0.9450841626882162,-0.9967637540453076,-0.5213949281745892
0.0,0.0,-0.016040915583639813,0.05851368617298231,-0.32043279087012394,0.03306403351286655,-0.4808014142138525,-0.28478964401294504,-0.030186640356131868
0.0,0.0,-0.6172146870268646,0.11119156905692747,-0.7023982755195814,-0.10697187312986235,-0.7021928747438757,-0.5307443365695793,-0.14012708927963172
0.0,120.0,-0.9540679038460103,-0.044340156365239955,-0.6156802692667753,-0.7877019748653501,1.0912665810994353,-0.7831715210355988,-0.840468891316349
-1.0,0.0,-0.1365622322863279,0.09203672557312273,-0.14539067567697722,0.08871932974266906,-0.3539731580895904,-0.1553398058252427,0.013507640626284628
-1.0,0.0,-0.2352907321586102,0.0767268930697229,-0.2662882909582048,-0.05251346499102334,-0.29397141281689076,-0.24595469255663424,-0.09737247025382616
0.0,120.0,-0.464731721728179,0.0716176134861472,-0.07946070718026925,-0.21918013165769,0.2600730475631797,-0.5016181229773464,-0.5057143192736413
0.0,0.0,-1.4901199577908957,-0.9048566418544353,-2.5858435294836264,-1.2015260323159784,0.05809853445239233,-1.2427184466019419,-0.999447948600491
-1.0,0.0,0.3511226048014857,-0.9048566418544353,-1.14739112514027,-0.13689407540394974,-1.0748405330306259,-0.7637540453074434,-0.16361863819490935
1.0,0.0,-1.0973502647154363,-0.9048566418544353,-1.4780140245832707,-1.0704667863554758,0.9962956232675412,-0.9061488673139159,-0.8965549643515744
0.0,0.0,-1.0057248850228637,-0.9048566418544353,0.0,-1.034560143626571,4.617487464566978,-0.03883495145631055,-0.8683651056532413
0.0,0.0,0.2751672608112447,-0.9048566418544353,-0.6156802692667753,-0.21169958108916817,-0.45631932446314416,-0.4789644012944983,-0.2223475104831037
0.0,0.0,-0.325091452368158,0.09940556728579622,0.3687721105106034,-0.002244165170556553,0.5154399137678761,0.2977346278317152,-0.057906668076159566
0.0,0.0,-0.31809441042183667,0.13121631698911873,0.4574178113635228,0.1919509275882705,0.30207968467893426,0.38834951456310707,0.09455348438399284
0.0,0.0,0.7166741327473499,-0.9048566418544353,0.8899856992413772,0.2820167564332735,0.8589442806693665,0.893203883495146,0.1652630466189789
0.0,0.0,-1.1012938211217567,0.07385174362989755,-0.5530300936116932,-0.5109216038300419,0.24112776748925022,-0.44012944983818775,-0.4572629996358811
0.0,-180.0,-0.9124715155496717,0.23851231223173572,-1.20356948541057,0.9989527229204069,-1.814135900818482,0.11650485436893217,2.794437201216862
0.0,0.0,-0.37986293910354635,-0.003881467502532396,-0.49228834483167666,-0.4115798922800718,0.08402967507505822,-0.401294498381877,-0.379271057237159
0.0,0.0,-0.32228866688398106,-0.9048566418544353,-1.0927520933204133,-0.683572710951526,-0.05093561693926634,-0.737864077669903,-0.5928092368770336
0.0,0.0,0.941830852189956,-0.9048566418544353,0.0,0.5964991023339318,-0.7559207231029235,-0.03883495145631055,0.4121592257185478
0.0,0.0,-0.9619540760116001,0.09512867191917895,0.09135337256357953,-0.3556253740275284,0.8749062219176645,0.03883495145631081,-0.33534186076558964
0.0,0.0,0.8226903405239571,-0.9048566418544353,0.8899856992413772,0.4241472172351885,0.6111569090730632,0.893203883495146,0.27684790396654796
0.0,0.0,1.9362032761829893,-0.9048566418544353,2.4441152972759874,2.7305505685218434,0.703762494897727,3.9482200647249193,2.0875764943561554
-1.0,0.0,0.13910431123365585,0.06934437186275272,0.4449928496206886,0.20541591861160982,0.2612115860291613,0.3754045307443366,0.10512468139586782
0.0,0.0,2.3652473666042115,-0.9048566418544353,3.0808382248173536,4.197037701974866,0.8066687462992725,6.071197411003237,3.2388973066939166
0.0,0.0,-0.03590752854816563,-0.009940346844015086,-0.49228834483167666,-0.18686415320167565,-0.352846520506866,-0.401294498381877,-0.20284952488342314
0.0,0.0,1.1074962821191414,0.1418907110619433,0.5063576885193599,1.8080490724117295,-1.0808282553282391,0.44012944983818775,1.3633320412981427
0.0,0.0,0.3511226048014857,0.16092054194895997,1.2200545773143672,0.9603530819868342,0.39755836545730067,1.359223300970874,0.6978164605283249
0.0,-180.0,0.6333941016607741,0.18258621687535834,-0.1287027129494464,1.4738180730101735,-1.40107595685208,1.4110032362459548,3.540058963787777
1.0,0.0,0.621105196648457,-0.9048566418544353,0.4449928496206886,0.162327947336924,0.332939509385986,0.3754045307443366,0.07129685095786802
0.0,0.0,0.08090306526932718,0.24869788179440236,0.7237061023217276,1.7709455415918611,-0.8712018312427888,0.6860841423948221,1.3342025206431987
-1.0,0.0,0.08090306526932718,-0.9048566418544353,-0.1963091842002416,-0.3864452423698384,0.4681080204197459,-0.19417475728155326,-0.35953815614832557
0.0,0.0,0.9181919657950741,-0.9048566418544353,-0.1287027129494464,0.5611909036505087,-0.8493990732470964,-0.14239482200647252,0.38443919799852
-1.0,-180.0,-0.6120976763683316,0.15296398693291263,0.5063576885193599,0.17968282465589466,0.3983605536009482,2.5760517799352756,1.508039982616254
0.0,0.0,-0.5800942090528486,0.18159368507655602,-0.11215324113544115,0.45137642130460803,-0.7339798857533686,-0.1294498381877021,0.2982252134794509
0.0,0.0,1.3109058028820508,-0.9048566418544353,0.7981648812933398,1.2275583482944346,-0.4345592744265086,0.7766990291262138,0.9075959923417553
0.0,0.0,0.05544858947344054,0.15288868648923223,0.3295406831530599,0.6237283064033513,-0.42972366083815644,0.2588996763754047,0.4335365352314504
1.0,0.0,2.4643793122479485,0.23853178813900705,2.6358453751966646,6.595601436265709,-0.7242866094249082,4.517799352750809,5.12197986774258
-1.0,0.0,1.165519813765177,0.20073248394174825,2.148867818879336,2.451077199281867,0.43406314627129544,3.171521035598706,1.8681654274874615
0.0,0.0,-0.43774708591083866,-0.9048566418544353,-0.5325765819164078,-0.754787552363854,1.1045543759797878,-0.42718446601941756,-0.6487191232953944
0.0,0.0,1.0603737458782037,-0.19262498216677731,1.3587665037905339,0.854129263913824,0.7657463051816732,1.5792880258899678,0.614421461879089
0.0,0.0,-0.5154294708020044,0.08326230297032301,-0.3022207929835589,-0.1964392579293836,-0.09797583826515079,-0.27184466019417464,-0.21036682053631212
0.0,0.0,0.26170103797188426,0.0817730425363779,0.28952195075264053,0.3717833632555356,-0.1923515512172275,0.22006472491909387,0.23573769336481198
0.0,0.0,0.5438503312449428,0.1775147580845306,0.6236974082831742,1.3179233991621784,-0.6909665353252928,0.5695792880258901,0.978540470065894
-1.0,0.0,-0.7929816189592903,0.021752401983328725,-0.047295495210988095,-0.5665769000598444,1.297684103671268,-0.07766990291262135,-0.5009572806182976
0.0,0.0,2.6617311037520723,-0.9048566418544353,2.116788844446385,5.489377618192699,-0.9435200034916492,3.0938511326860842,4.253497304344761
0.0,0.0,-1.1543576423778483,0.0733663015262844,-0.7023982755195814,-0.5327648114901257,0.0815829138568937,-0.5307443365695793,-0.4744118303440338
0.0,-180.0,-0.0883655146615489,-0.9048566418544353,-2.2222578976013945,-0.5210951526032316,-1.430326900740591,-0.6084142394822006,0.4076958314246451
0.0,0.0,-0.6877841931952513,-0.9048566418544353,-1.544493510831744,-0.8912327947336924,0.003938175306652397,-0.9320388349514565,-0.7558405863490609
0.0,0.0,-0.07487831859023562,0.19451530121926683,0.6350604014688064,0.9103830041891083,-0.3511479792563572,0.5825242718446603,0.6585855738398111
-1.0,-60.0,1.101620419142442,-0.9048566418544353,0.3427037666446424,0.8505385996409336,-0.6257373136321361,0.6653721682847901,1.001562188002866
0.0,0.0,-0.2570122481800836,0.15486954153736246,-0.7472136426042475,0.406493117893477,-1.2457483060919199,-0.5566343042071198,0.26298789010653423
0.0,0.0,0.6064718862475869,0.17952422914322874,1.6717959948256962,1.4109814482345902,0.6118132756898417,2.1359223300970878,1.0515991871924075
0.0,0.0,-0.46781780389148236,0.04998230725776175,-0.7023982755195814,-0.30565529622980253,-0.39904319389351844,-0.5307443365695793,-0.2961109740770757
0.0,0.0,0.5008489766305333,0.19169704754565178,0.46976583786556947,1.4130760023937763,-0.9011377679096898,0.40129449838187725,1.0532435956164772
0.0,0.0,-0.6269286626069889,0.10360113828606227,-0.1287027129494464,-0.1545481747456613,0.05978982189721571,-0.14239482200647252,-0.17747865205492327
0.0,0.0,0.1564318078578371,0.06804796563942733,-0.17919148331599108,0.21529024536205865,-0.5536673230796568,-0.18122977346278307,0.11287689253790964
0.0,0.0,1.7955954582991993,-0.9048566418544353,-2.319555238525422,2.335278276481149,-2.3813059744259166,-1.1779935275080908,1.7772531331853365
0.0,0.0,0.8910877884954309,-0.9048566418544353,-0.1287027129494464,0.5213943746259725,-0.8147072643232084,-0.14239482200647252,0.3531954379412007
0.0,0.0,0.9678347399620094,-0.9048566418544353,0.7559580167500339,0.6359964093357271,0.10269378978473896,0.7249190938511331,0.44316807028671446
0.0,0.0,-0.44178886134505435,0.10616290604241184,-0.28417361181749445,-0.037552363853979656,-0.33831475510658854,-0.25889967637540445,-0.08562669579618726
1.0,0.0,-0.8551956915122404,0.035754164794286454,-0.8163835791711395,-0.5522142429682825,-0.026732735309143815,-0.5954692556634305,-0.4896813371389643
0.0,0.0,-0.5514893683014969,-0.9048566418544353,-1.20356948541057,-0.8197187312986236,0.22822413047506607,-0.7896440129449839,-0.6996957844415472
0.0,0.0,-0.8006975090457767,0.04678207185956646,-0.4140744022487767,-0.4902752842609216,0.39784961756121107,-0.34951456310679624,-0.4410538308843394
-1.0,0.0,0.3347435035646781,-0.9048566418544353,0.0,-0.1533512866546978,0.2432010356749872,-0.03883495145631055,-0.17653899009831217
0.0,0.0,-0.35914530951856827,-0.9048566418544353,-0.24856195283177035,-0.7069120287253142,1.462663958680766,-0.23300970873786406,-0.6111326450309502
0.0,-180.0,0.998180553611633,-0.9048566418544353,0.0,0.6829742669060442,-0.8295347420197098,1.6181229773462789,2.2982956881261964
0.0,0.0,-0.4077803724364319,-0.9048566418544353,-1.5109767570225021,-0.7368342309994016,-0.42832646404827107,-0.9190938511326863,-0.6346241939462278
0.0,0.0,0.3635094110108478,0.08750570710151828,0.7345148003733292,0.49895272292040693,0.25240289368709484,0.6990291262135923,0.33557677625474247
0.0,-300.0,0.8703768976663965,-0.9048566418544353,-0.047295495210988095,0.4914721723518851,-0.7069470038810305,8.012944983818771,8.669203753949517
0.0,0.0,-0.212582579439607,0.06489757626400913,0.7452652302279206,-0.08692399760622382,1.4038099651585028,0.7119741100323629,-0.12438775150639557
0.0,0.0,0.3196945472618931,-0.9048566418544353,-0.4527979472889092,-0.16831238779174149,-0.3360326651424926,-0.3754045307443366,-0.18828476455595106
0.0,0.0,-0.41969438552421195,0.12548445586025567,0.23488291893278562,0.09111310592459605,0.14066917173344484,0.16828478964401317,0.015386964539506989
0.0,0.0,0.42787736742802435,0.06666534870090651,0.7559580167500339,0.4735188509874327,0.3209848554931816,0.7249190938511331,0.31560895967675645
0.0,0.0,-0.2763400672275156,0.06998775358263438,-0.9125082062074844,-0.10906642728904847,-0.902213546892173,-0.6472491909385113,-0.1417714977037011
0.0,0.0,-0.5080042175019785,0.0976886324699158,-0.09573998051021516,-0.12133453022142429,0.04398331458034527,-0.1165048543689319,-0.15140303275896497
1.0,0.0,0.6414492686973016,0.1800752438801358,1.8886317325924156,1.45885697187313,0.9377318476973312,2.5760517799352756,1.0891856654568521
0.0,0.0,-1.336156872315691,0.38117328276530926,1.2452448058387353,4.8301915020945545,-1.4576019847806736,1.3980582524271847,3.7359784817411934
1.0,0.0,-0.27498339781938524,-0.10181020608697013,0.10618020598333919,-0.5079293836026332,1.3930883907733802,0.05177993527508099,-0.4549138447443532
0.0,0.0,-0.6800390702398724,0.10453357962949199,0.0,-0.17669060442848594,0.2908096093306383,-0.03883495145631055,-0.1948623982522288
0.0,0.0,1.2487451103750336,-0.9048566418544353,0.7345148003733292,1.1099640933572712,-0.4113762557089994,0.6990291262135923,0.8152742051047136
-1.0,0.0,0.08090306526932718,-0.9048566418544353,-0.5325765819164078,-0.3864452423698384,-0.027754723861710833,-0.42718446601941756,-0.35953815614832557
0.0,0.0,-0.4468566436882769,-0.0885845154776106,-1.3209092051743843,-0.5997905445840814,-0.533861181559157,-0.8414239482200648,-0.5270328999142558
0.0,0.0,0.2541314135376521,0.07659141511117618,0.7345148003733292,0.3412627169359665,0.4904119069506101,0.6990291262135923,0.21177631347122886
0.0,0.0,0.36585710005653066,-0.9048566418544353,-0.1622194667586884,-0.12193297426690604,-0.045821802069193805,-0.1682847896440129,-0.15187286373727046
0.0,0.0,1.0471061200401783,-0.9048566418544353,0.8899856992413772,0.7607719928186715,0.14166504710112027,0.893203883495146,0.5411278292634224
0.0,0.0,-0.02938330458456787,-0.9048566418544353,-1.4455872953480557,-0.47591262716935967,-0.8874182701568656,-0.8932038834951457,-0.429777887405006
0.0,0.0,-0.36489787572512167,-0.9048566418544353,1.374468946404835,-0.7105026929982047,6.76492330893078,1.6051779935275086,-0.6139516309007835
0.0,-180.0,4.110932407398819,-0.9048566418544353,2.6769643558503904,17.318821065230402,-1.8395871017896952,10.990291262135925,28.419488588980112
0.0,-120.0,1.3844815843242617,-0.9048566418544353,0.0,1.37327947336924,-1.265335961673937,0.789644012944984,2.2020977953181338
1.0,0.0,-0.08796707404152344,0.1315718424993255,0.3295406831530599,0.35442848593656495,-0.11837837271705784,0.2588996763754047,0.22211259499395086
0.0,0.0,0.39948683992453216,-0.9048566418544353,0.0,-0.08722321962896469,0.11611735469373387,-0.03883495145631055,-0.12462266699554839
0.0,0.0,0.7487175218155502,-0.9048566418544353,0.9392277050105561,0.3239078396169958,0.8699118530480855,0.9579288025889969,0.19815121510036776
0.0,0.0,0.2221680625910335,0.04558286903563442,0.0,0.1895571514063435,-0.31571675279693756,-0.03883495145631055,0.09267416047077064
-1.0,-180.0,-0.3097413697841685,0.09774623087914949,-0.03140537202541916,-0.001047277079593058,-0.07612270698560834,1.5663430420711977,1.224262071719699
0.0,0.0,-1.0371529425624537,0.10782533797977883,0.04619974750023116,-0.31822262118491923,0.6940712661259144,0.0,-0.3059774246214924
0.0,0.0,-1.076234658448644,0.10398589593492233,-0.1287027129494464,-0.3547277079593058,0.49627500526969126,-0.14239482200647252,-0.3346371142981312
0.0,0.0,-0.7493789321237608,-0.9048566418544353,-5.294213257359436,-0.9214542190305206,-2.293102813858882,-1.5792880258899678,-0.7795670507534914
1.0,120.0,2.4161935618509878,-0.9048566418544353,3.2404593851387116,4.4011071214841415,0.9716971900421392,4.614886731391587,2.2147832317323846
-1.0,0.0,0.16182636593830282,-0.9048566418544353,-0.015640863775391253,-0.31642728904847395,0.5850740278523995,-0.051779935275080735,-0.3045679316865758
0.0,0.0,-0.5266376323168712,0.04129623867932897,-0.3022207929835589,-0.36938958707360864,0.26191929701026495,-0.27184466019417464,-0.3461479732666173
1.0,0.0,-0.7462686504606723,0.09088835568815357,-1.5785832282732972,-0.2802214242968282,-1.2551335311636092,-0.9449838187702266,-0.2761431574990897
0.0,0.0,1.9646647241125765,-0.9048566418544353,-1.20356948541057,2.8152304009575104,-2.1870558548858194,-0.7896440129449839,2.154057577786391
1.0,0.0,0.6407187887571115,0.11472562159943024,0.7019113508660741,0.9549670855774985,-0.31247081635358176,0.6601941747572817,0.6935879817235748
0.0,0.0,-1.1453805688061602,0.06629904207862972,-0.5945774278077246,-0.5590963494913226,0.3103425821057452,-0.4660194174757281,-0.4950843933894781
1.0,0.0,-0.1927808281047652,-0.9048566418544353,-0.09573998051021516,-0.5967983243566727,1.3156583176367311,-0.1165048543689319,-0.5246837450227282
-1.0,0.0,0.3281407969994096,-0.9048566418544353,0.5184072714547742,-0.159934171154997,1.1423300432714867,0.4530744336569582,-0.18170713085967316
0.0,0.0,0.12122579434101657,-0.9048566418544353,-0.49228834483167666,-0.35203470975463796,-0.04666054470703448,-0.401294498381877,-0.3325228748957562
0.0,-180.0,-0.7357422931758898,0.16554569180124026,0.0,0.22217235188509873,-0.35811661241739995,1.6181229773462789,1.5747559815356422
0.0,0.0,-1.0600170800992024,0.056788525864388914,-0.49228834483167666,-0.5641831238779175,0.48544501570941756,-0.401294498381877,-0.4990779567050753
0.0,0.0,0.4626167985503417,-0.9048566418544353,0.03091844737191189,-0.019898264512268102,0.04001389992135007,-0.012944983818770184,-0.07176668193617348
-1.0,0.0,-0.6172146870268646,0.07632003442413181,-0.1963091842002416,-0.283213644524237,0.22371250542991977,-0.19417475728155326,-0.2784923123906175
0.0,0.0,2.4525328126231978,-0.9048566418544353,0.0,4.551017354877319,-2.0166627690861403,-0.03883495145631055,3.516802330361652
0.0,-180.0,0.05942099768650969,-0.9048566418544353,-2.319555238525422,-0.40439856373429084,-1.6094326239383592,-0.6601941747572817,0.5909299129638111
0.0,-60.0,-0.6172146870268646,0.06242691356658981,-0.5123307236714637,-0.3412627169359665,-0.09560035608059328,-0.15792880258899664,-0.12123988395174831
1.0,-180.0,-3.3309096666755607,0.4764809615037445,2.005971452356228,10.95915619389587,-1.7729658220191482,7.36569579288026,18.433700976073858
0.0,0.0,-0.07487831859023562,0.08750570710151828,-0.1287027129494464,0.11235786953919809,-0.366443609354219,-0.14239482200647252,0.03206596426935423
0.0,0.0,1.3775381073330066,0.05851368617298231,1.1248686181741627,1.8577199281867145,-0.5140066267178219,1.2168284789644015,1.4023280124975042
0.0,0.0,-1.1187713309937977,0.12774367313712354,-0.2309917959254926,-0.22875523638539796,0.06035404086666306,-0.22006472491909387,-0.23573769336481198
0.0,0.0,0.621105196648457,-0.9048566418544353,0.1787045586624838,0.162327947336924,-0.049609415183745474,0.11650485436893217,0.07129685095786802
0.0,0.0,0.46974133458091194,0.17841513532785977,1.4661724550255932,1.2434171154997007,0.4601241929316908,1.7605177993527514,0.9200465132668524
-1.0,0.0,-0.3629778695496287,0.09518741682472205,0.12089761528122754,-0.048025134649910234,0.2191209129876665,0.06472491909385117,-0.09384873791653456
0.0,0.0,2.134000633812505,0.09751568379419967,-0.7930593377451778,4.02737881508079,-2.205711534372845,-0.5825242718446602,3.105700224344292
0.0,0.0,1.034652157821455,-0.9048566418544353,1.5250461007101852,0.740724117295033,1.2509026164210806,1.864077669902913,0.5253884914901864
0.0,0.0,-0.07487831859023562,-0.9048566418544353,-0.49228834483167666,-0.5109216038300419,0.332939509385986,-0.401294498381877,-0.4572629996358811
0.0,0.0,-0.08398855322969945,0.06673848619170966,0.04619974750023116,0.01331538001196888,0.005040431183358738,0.0,-0.04569106264021519
0.0,0.0,-0.28860635089481357,0.037505882247355196,0.15001053975159256,-0.23773189706762418,0.668972191144,0.0906148867313918,-0.24278515803939535
0.0,0.0,-0.6711524389159546,-0.9048566418544353,-1.6485623350312586,-0.8828545780969479,-0.1639010563894611,-0.9708737864077671,-0.7492629526527832
-1.0,0.0,-0.1728184394318097,-0.9048566418544353,-1.0395702774284132,-0.5827348892878516,-0.24251870193258446,-0.7119741100323626,-0.5136427170325476
-1.0,0.0,0.7396328027974822,-0.9048566418544353,-0.3949910039076512,0.3119389587073609,-0.873560945026244,-0.3365695792880258,0.1887545955342567
0.0,0.0,1.3328918841191197,-0.9048566418544353,-0.2662882909582048,1.2703470975463793,-1.4027436664625,-0.24595469255663424,0.9411889072906023
0.0,0.0,0.14626373479499177,-0.9048566418544353,0.12089761528122754,-0.33019150209455417,0.857296877744313,0.06472491909385117,-0.31537404418760345
0.0,0.0,-0.6599720613248249,0.06732210789990528,0.24868366542044698,-0.3436564931178935,1.134436768846542,0.18122977346278335,-0.32594524119947843
0.0,0.0,0.5459290184511991,-0.9048566418544353,0.03091844737191189,0.0734590065828845,-0.11138875229206092,-0.012944983818770184,0.0015269506794930658
0.0,0.0,1.3775381073330066,-0.9048566418544353,0.38167959834568854,1.3592160383004188,-0.9485993879226144,0.3106796116504857,1.0109588075689773
0.0,0.0,1.0071453280910883,-0.9048566418544353,1.2535713311236092,0.6970377019748654,0.809664148402895,1.4110032362459548,0.491090830073881
-1.0,0.0,0.0013139351765902463,0.06363068220069178,0.30295095711274095,0.06687612208258528,0.28257045542045883,0.23300970873786406,-0.0036411900818680916
-1.0,0.0,-0.1468901061741536,0.17585293475035949,0.3427037666446424,0.6668162776780371,-0.45784078121561356,0.27184466019417486,0.46736436566945055
0.0,0.0,-0.34486091043720957,0.11543108649355753,0.5658904649019161,0.07495511669658887,0.6905570744707942,0.5048543689320389,0.0027015281252569857
0.0,-180.0,-0.6693814944488767,0.08112017232510353,0.1787045586624838,-0.2885996409335727,0.8485674388750339,1.9288025889967642,0.772754501568061
-1.0,0.0,0.2767251826334254,-0.9048566418544353,-0.5945774278077246,-0.2102034709754638,-0.4345718976371976,-0.4660194174757281,-0.22117293303733976
-1.0,0.0,-1.1617432165676098,0.1319706486491258,-0.6370088138451351,-0.21648713345302215,-0.47288598191299225,-0.4919093851132685,-0.2261061583095481
-1.0,0.0,0.6893526712865516,0.1850495556849389,0.9777641681134488,1.5683722321962896,-0.4855771726637657,1.009708737864078,1.1751647344867684
1.0,0.0,0.9841480305401936,-0.9048566418544353,0.7345148003733292,0.6611310592459605,0.04174927542368587,0.6990291262135923,0.46290097137554753
0.0,-180.0,0.017726042834013432,-0.9048566418544353,0.0,-0.4385098743267504,0.9523774473666328,1.6181229773462789,0.537369181436978
0.0,0.0,-0.426188057330381,0.1304575777982731,0.04619974750023116,0.11983842010771993,-0.16101748369107938,0.0,0.03793885149817353
0.0,0.0,1.3775381073330066,-0.9048566418544353,1.0249105698393746,1.3592160383004188,-0.27148779143418994,1.0744336569579291,1.0109588075689773
0.0,0.0,-0.11409132225226204,-0.9048566418544353,-0.5945774278077246,-0.5402453620586475,0.2579381320607046,-0.4660194174757281,-0.48028471757285324
1.0,0.0,-0.21301600679683325,0.12664202825640353,-0.24856195283177035,0.2317474566128067,-0.6465134175130248,-0.23300970873786406,0.12579724444131216
0.0,-300.0,-0.4226879267500143,0.21820899869880628,0.38167959834568854,0.9600538599640933,-0.6747718741909616,10.343042071197413,10.876469690029012
-1.0,-180.0,-0.4317050324195733,0.0583577970648389,-1.20356948541057,-0.2532914422501496,-0.9851991402700309,0.11650485436893217,0.8281945570081164
-1.0,0.0,0.4332105712883031,0.03869095396770364,0.4574178113635228,0.3762716935966487,0.024165842793588913,0.38834951456310707,0.23926142570210374
-1.0,0.0,-0.14027197424007473,-0.9048566418544353,-0.3022207929835589,-0.5593955715140634,0.7909746765965672,-0.27184466019417464,-0.4953193088786309
0.0,0.0,0.2620156008101142,0.034729106205336174,0.3162901366712422,0.19075403949730702,0.09694542302303415,0.24595469255663452,0.0936138224273819
0.0,0.0,0.24429636051909673,0.1579121692995702,0.0,0.8310891681627768,-0.9436171933676534,-0.03883495145631055,0.5963329692143252
0.0,0.0,-0.28951901937078794,-0.9048566418544353,-0.937281194452367,-0.662327947336924,0.1027497742564804,-0.6601941747572817,-0.5761302371471864
0.0,0.0,0.27048363680531085,-0.9048566418544353,0.15001053975159256,-0.21618791143028127,0.6173264607028717,0.0906148867313918,-0.2258712428203953
0.0,0.0,-0.09315518316745937,0.0822281064716323,-0.1287027129494464,0.07375822860562538,-0.3130477349084836,-0.14239482200647252,0.0017618661686458798
0.0,0.0,-0.6030442003695312,0.23014590572246835,0.7559580167500339,1.022591262716936,-0.30931164284939444,0.7249190938511331,0.7466788822721027
0.0,0.0,-0.09155690502482786,0.11472562159943024,0.6007753178837211,0.24521244763614602,0.43557012735243905,0.5436893203883497,0.13636844145318713
0.0,0.0,1.1074962821191414,-0.9048566418544353,1.5609786027355395,0.8604129263913824,1.1287955223874098,1.9288025889967642,0.6193546871512974
0.0,0.0,0.8112304539591547,-0.9048566418544353,0.1928982122361453,0.4082884500299222,-0.3554466820561166,0.12944983818770234,0.2643973830414508
0.0,0.0,-0.6752928977300366,-0.9048566418544353,-1.290920671509476,-0.884949132256134,0.3482414663687752,-0.8284789644012945,-0.7509073610768526
0.0,0.0,0.08090306526932718,-0.9048566418544353,-2.129487686677304,-0.3864452423698384,-1.5153429567060819,-1.1262135922330099,-0.35953815614832557
0.0,0.0,0.212768155333374,0.019036095461565566,0.41990824329430326,0.0973967684021544,0.4080865919229415,0.34951456310679624,0.020320189811715333
0.0,0.0,-0.14233696489041997,-0.9048566418544353,-0.573695562570135,-0.5608916816277678,0.3474599262828553,-0.45307443365695793,-0.49649388632439484
0.0,0.0,-0.5906853652702909,0.05220916494733142,0.6007753178837211,-0.366098144823459,1.9617992193867226,0.5436893203883497,-0.3435639028859368
0.0,-120.0,0.621105196648457,-0.9048566418544353,0.9392277050105561,0.162327947336924,1.1936745896678813,2.284789644012945,0.7760433184161998
0.0,0.0,-0.36489787572512167,0.09269695890036957,-0.03140537202541916,-0.061789347695990426,0.02637583111719313,-0.06472491909385117,-0.10465485041756234
-1.0,0.0,-0.24633332289374002,0.06189673535538144,0.3162901366712422,-0.12193297426690604,0.6813999159247509,0.24595469255663452,-0.15187286373727046
0.0,0.0,-1.176625799682713,0.09647312645157124,-0.3573634742336811,-0.4319269898264512,0.3317958653663452,-0.3106796116504854,-0.39524531049954775
0.0,0.0,1.0374494722142824,0.24790310300156437,2.6358453751966646,2.889437462597247,0.9173175410431221,4.517799352750809,2.21231661909628
0.0,0.0,0.02291016010065522,0.04712267693743541,0.5422901905447158,0.022292040694195093,0.7578094646564899,0.4789644012944986,-0.03864359796563182
0.0,0.0,-0.17704327697781116,0.002628025227115243,0.10618020598333919,-0.2616696588868941,0.6531353799182767,0.05177993527508099,-0.26157839717161746
0.0,0.0,0.08125847258062162,0.04022452190981024,0.41990824329430326,0.04682824655894674,0.5024766886395469,0.34951456310679624,-0.019380527855104076
0.0,0.0,2.0845862161828177,-0.9048566418544353,1.4131924914449674,3.190454817474566,-0.8764087037699393,1.6699029126213596,2.448641601183974
-1.0,0.0,0.6321697902595751,-0.9048566418544353,-0.21357509213063947,0.17579293836026333,-0.5441701836721577,-0.20711974110032372,0.081868047969743
0.0,0.0,-0.49012496802556216,0.07259977838487784,-0.03140537202541916,-0.22965290245362058,0.3557782511513429,-0.06472491909385117,-0.23644243983227028
-1.0,-180.0,3.430332091819403,-0.9048566418544353,3.0808382248173536,10.33557749850389,-1.0059386887781143,13.838187702265376,17.45457321728508
0.0,-180.0,-0.5828740194344054,0.24672002456140998,1.5538437117308395,1.288001196888091,0.5525465748734654,5.527508090614888,3.248293926260028
0.0,120.0,0.2776591495867414,-0.9048566418544353,0.41990824329430326,-0.20930580490724118,1.0835651419591281,-0.1618122977346278,-0.4999001609171101
1.0,0.0,0.8025223750246372,-0.9048566418544353,0.0,0.39631956912028726,-0.5614420518021093,-0.03883495145631055,0.25500076347533973
0.0,0.0,1.496020149563956,-0.9048566418544353,1.2030825607570645,1.6084679832435667,-0.24845857924283882,1.3333333333333337,1.2066434100332404
0.0,0.0,-0.20825526906792097,-0.9048566418544353,0.15001053975159256,-0.6075703171753442,1.893944517026232,0.0906148867313918,-0.5331407026322281
0.0,0.0,0.3090685335589648,-0.03188543903392275,-0.047295495210988095,0.06956912028725314,-0.20625950204621898,-0.07766990291262135,-0.0015269506794930658
0.0,0.0,-0.5341571493003924,0.0715471737711092,-0.21357509213063947,-0.2589766606822262,0.14666350865908687,-0.20711974110032372,-0.2594641577692424
0.0,0.0,-0.3567549868762237,0.035939672842247215,-0.24856195283177035,-0.2865050867743866,0.15441667792011124,-0.23300970873786406,-0.28107638277129804
0.0,0.0,0.4066356640599081,-0.9048566418544353,0.06136483889867135,-0.07974266906044285,0.19085622551574088,0.012944983818770184,-0.11874977976672893
0.0,0.0,-0.037446826561404876,-0.9048566418544353,-0.28417361181749445,-0.482196289646918,0.5847891913960119,-0.25889967637540445,-0.43471111267721435
0.0,0.0,0.266726042345647,-0.9048566418544353,-0.9125082062074844,-0.21977857570317175,-0.7592243057523284,-0.6472491909385113,-0.22869022869022876
0.0,0.0,0.3105912118991914,0.2164434762991335,0.9681996418242789,1.5055356074207062,-0.4516340882252318,0.9967637540453075,1.1258324817646854
0.0,0.0,-0.9953953644252982,0.1315718424993255,-0.24856195283177035,-0.15514661879114303,-0.10173645025874663,-0.23300970873786406,-0.17794848303322874
0.0,0.0,-0.27182266117562265,0.08447980836988682,0.28952195075264053,-0.041741472172351884,0.46645037888606505,0.22006472491909387,-0.0889155126443262
0.0,0.0,0.3038796840897932,0.16575051142018332,0.3295406831530599,0.9549670855774985,-0.7238137459984542,0.2588996763754047,0.6935879817235748
0.0,0.0,0.9668580203464971,-0.006425243487258048,0.6236974082831742,0.9367145421903053,-0.38886099989765754,0.5695792880258901,0.6792581368852555
1.0,0.0,-0.7357422931758898,-0.9048566418544353,-1.0659839074018134,-0.9148713345302214,0.8589442806693665,-0.7249190938511327,-0.7743989099921303
0.0,0.0,0.25697455915742407,-0.9048566418544353,-0.3760884935804852,-0.22905445840813884,-0.13472899686550155,-0.3236245954692556,-0.2359726088539648
1.0,0.0,0.621105196648457,0.09751568379419967,1.451178400113259,0.8355774985038898,0.9589286586819098,1.734627831715211,0.599856701551617
1.0,-120.0,-0.13697396718551627,-0.9048566418544353,-0.49228834483167666,-0.5570017953321365,0.46400187731421394,0.24595469255663452,-0.0710619354687152
0.0,0.0,-0.3288367709765571,-0.9048566418544353,-0.49228834483167666,-0.6877618192698982,0.9054913661019374,-0.401294498381877,-0.5960980537251723
0.0,0.0,-0.3891103928385618,0.04129623867932897,-0.5945774278077246,-0.28889886295631356,-0.3003271431297138,-0.4660194174757281,-0.28295570668452025
-1.0,0.0,-0.20695953800488126,0.021234429172542948,0.0,-0.23264512268102933,0.4114110836566999,-0.03883495145631055,-0.23879159472379813
0.0,0.0,-0.17831308230535045,0.0798706024812203,-0.1963091842002416,0.001047277079593058,-0.28967445171560235,-0.19417475728155326,-0.055322597695479064
0.0,0.0,1.5737719276663829,0.007679581486903372,1.1248686181741627,2.120137642130461,-0.6687695616949564,1.2168284789644015,1.6083488964844899
0.0,0.0,0.10207794307613928,-0.002628025227115243,-0.3022207929835589,-0.05730101735487732,-0.33016466521950394,-0.27184466019417464,-0.10113111808027059
0.0,0.0,-0.6752928977300366,0.19034934477814522,0.6350604014688064,0.4914721723518851,0.11741898850163004,0.5825242718446603,0.32970388902592285
0.0,0.0,0.018096939405869938,0.14620417621925236,0.9585890212545114,0.541442250149611,0.5416121304117759,0.9838187702265373,0.36893477571443667
0.0,-180.0,-0.40531030588306405,0.15171591115982286,-1.6485623350312586,0.2868043087971275,-1.7257651769518705,-0.24595469255663424,1.6762394728496424
0.0,0.0,0.2221680625910335,0.21646655968937992,1.374468946404835,1.4214542190305206,0.1394165228579593,1.6051779935275086,1.0598212293127547
-1.0,0.0,0.769626519267864,-0.9048566418544353,0.0,0.35173548773189706,-0.5127860190160257,-0.03883495145631055,0.219998355591576
0.0,0.0,-0.7216188169331821,-0.09630591520970204,0.03091844737191189,-0.7568821065230401,2.367974362220049,-0.012944983818770184,-0.6503635317194639
0.0,0.0,0.2221680625910335,-0.9048566418544353,-0.2662882909582048,-0.2616696588868941,0.07718347515477106,-0.24595469255663424,-0.26157839717161746
-1.0,0.0,-0.8505212200374292,-0.9048566418544353,-1.5109767570225021,-0.9684320766008379,0.37289959515824067,-0.9190938511326863,-0.8164487825504775
0.0,0.0,-0.7388305206880981,-0.9048566418544353,0.0,-0.9163674446439258,3.406109158121532,-0.03883495145631055,-0.7755734874378943
0.0,0.0,-0.09836153314731053,-0.9048566418544353,-0.3022207929835589,-0.5285757031717534,0.692790462002108,-0.27184466019417464,-0.4711230134958948
0.0,0.0,2.1860283557642894,-0.9048566418544353,1.1248686181741627,3.532465589467385,-1.2316485848225132,1.2168284789644015,2.7171500052855984
-1.0,0.0,0.644610524388448,-0.9048566418544353,1.0618412532029318,0.19105326152004787,1.3766655122474973,1.1262135922330099,0.09384873791653456
0.0,0.0,0.46974133458091194,-0.9048566418544353,0.5422901905447158,-0.012118491921005385,0.831799690881386,0.4789644012944986,-0.06565887921820122
0.0,-180.0,-0.22040374844215624,0.05647238301441282,-0.28417361181749445,-0.12522441651705565,-0.19939489408354327,1.177993527508091,1.0292822157228936
0.0,0.0,0.5762554753677546,-0.9048566418544353,0.23488291893278562,0.1087672052663076,0.11159871262411394,0.16828478964401317,0.029246978399520764
1.0,0.0,-0.9455124372621938,0.17487097520927045,0.4449928496206886,0.21199880311190902,0.2505481743505328,0.3754045307443366,0.11029282215722883
0.0,0.0,0.40492309113726366,-0.9048566418544353,0.38167959834568854,-0.08153800119688809,0.7033147459028712,0.3106796116504857,-0.12015927270164552
-1.0,-60.0,-0.325091452368158,0.17220470572100385,0.6798757685534742,0.5115200478755236,0.15487571527902014,1.1003236245954695,0.6821710889507501
0.0,0.0,2.1362201320477885,-0.9048566418544353,-0.3022207929835589,3.361609814482346,-1.9711545884179034,-0.27184466019417464,2.583013260979363
-1.0,0.0,1.437892728254498,-0.9048566418544353,0.7559580167500339,1.4836923997606224,-0.6670645342185308,0.7249190938511331,1.1086836510565325
0.0,0.0,-0.19149856112720318,0.01701454163355569,0.03091844737191189,-0.23384201077199282,0.46318285581776775,-0.012944983818770184,-0.23973125668040923
0.0,0.0,-1.1617432165676098,0.017335834032073366,-1.997954313339831,-0.7314482345900658,-0.937229571727719,-1.0873786407766992,-0.630395715141478
0.0,-60.0,3.8121148319185907,-0.9048566418544353,3.3882454964292834,13.855625374027529,-1.1754693096619917,9.177993527508093,13.253720474059456
0.0,0.0,0.253182483959909,0.08775471122669186,0.0,0.39183123877917414,-0.5566407886824779,-0.03883495145631055,0.251477031138048
0.0,0.0,-0.9727760819518975,0.05479988651748872,-0.47244539595440893,-0.536654697785757,0.4360940774741119,-0.3883495145631068,-0.4774657317030199
0.0,0.0,-0.9953953644252982,0.07753680595397681,-1.0927520933204133,-0.45317175344105326,-0.5736131538601644,-0.737864077669903,-0.411924310229395
0.0,0.0,-2.0321403875543846,0.1358068772130532,-0.3022207929835589,-0.42953321364452424,0.4113135307299585,-0.27184466019417464,-0.39336598658632554
0.0,0.0,-1.1453805688061602,0.06257799631951204,-0.49228834483167666,-0.5740574506283662,0.5154042125998053,-0.401294498381877,-0.506830167847117
-1.0,0.0,-0.31902544129525884,-0.9048566418544353,-1.175282487607027,-0.6814781567923399,-0.16509588297838165,-0.7766990291262137,-0.591164828452964
0.0,0.0,0.12778338262485947,0.0831334779483602,0.8292439504613623,0.25628366247755835,0.7987355391756747,0.8155339805825244,0.1450603145518399
0.0,0.0,-0.07487831859023562,-0.9048566418544353,-0.1963091842002416,-0.5109216038300419,0.8226021328352421,-0.19417475728155326,-0.4572629996358811
0.0,0.0,0.8842851663382042,-0.9048566418544353,0.0,0.5115200478755236,-0.6777967032067913,-0.03883495145631055,0.3454432267991592
0.0,0.0,-0.9110817411112961,0.05253584590324322,-0.573695562570135,-0.5190005984440454,0.23183068806537982,-0.45307443365695793,-0.46360571784300597
-1.0,-180.0,-0.6853967609080195,0.10941412955479532,-0.7023982755195814,-0.15215439856373428,-0.6403997628269983,0.6343042071197413,0.9869974276753938
0.0,0.0,-0.6269286626069889,0.10205060510012716,-0.047295495210988095,-0.16292639138240575,0.19247171782811973,-0.07766990291262135,-0.184056285751201
0.0,-60.0,0.7845091023829658,0.06489757626400913,1.1686989519424162,0.8954219030520646,0.3963203962969471,1.8770226537216834,1.043846976050366
0.0,-180.0,1.9362032761829893,-0.9048566418544353,0.7345148003733292,2.7305505685218434,-1.2715467021194007,3.0938511326860842,5.513349072671107
1.0,-276.0,0.5570522423626298,-0.9048566418544353,0.23488291893278562,0.08632555356074208,0.1486555860986527,6.293111419325012,4.446765633206311
0.0,0.0,0.14285880214879734,-0.0474735537088514,-0.7700047467703766,-0.11295631358467983,-0.7619938298352531,-0.56957928802589,-0.14482539906268724
0.0,0.0,0.4418710886104648,-0.9048566418544353,0.12089761528122754,-0.04233991621783363,0.20858952036106196,0.06472491909385117,-0.08938534362263169
0.0,0.0,-0.21561923844657818,-0.9048566418544353,-0.7472136426042475,-0.6126570915619389,0.23421720627121642,-0.5566343042071198,-0.5371342659478253
0.0,0.0,0.5318409195906769,-0.9048566418544353,-2.129487686677304,0.05730101735487732,-1.8335510544013833,-1.1262135922330099,-0.011158485734756939
0.0,-276.0,0.12191743590211591,0.13485839243422348,0.5892147063278779,0.546229802513465,-0.017095645540924752,7.846509477577439,5.994187519611248
0.0,0.0,-0.6058674701578233,0.09594869203744578,0.3162901366712422,-0.1838719329742669,0.8271014074054447,0.24595469255663452,-0.20050036999189544
0.0,0.0,0.621105196648457,-0.9048566418544353,0.1928982122361453,0.162327947336924,-0.03048196895525902,0.12944983818770234,0.07129685095786802
0.0,-180.0,0.2276507384484759,-0.9048566418544353,-1.11988448340559,-0.2565828845002992,-0.9061863549811876,0.19417475728155353,0.8230264162467554
0.0,0.0,0.24429636051909673,-0.9048566418544353,-0.3022207929835589,-0.24102333931777378,-0.013755732657433871,-0.27184466019417464,-0.24536922842007586
0.0,0.0,0.6019785446344844,0.08568600458499553,0.996756691752081,0.7538898862956314,0.30819396029760887,1.0355987055016185,0.5357247730129088
0.0,0.0,2.3838265831761993,0.2079041703021577,2.9785491418413073,5.846349491322561,-0.11039851457528715,5.68284789644013,4.533751482904026
-1.0,0.0,0.9827954328226411,-0.9048566418544353,-0.4140744022487767,0.6590365050867744,-1.1692891656867976,-0.34951456310679624,0.46125656295147827
0.0,0.0,1.1583256074427537,-0.9048566418544353,0.3162901366712422,0.9474865350089766,-0.7313130182435358,0.24595469255663452,0.6877150944947555
0.0,0.0,-0.5728910295658749,0.026522937461922757,-0.6156802692667753,-0.4418013165769001,-0.017610221041137873,-0.4789644012944983,-0.4029975216415894
0.0,0.0,-0.03244994726564894,-0.9048566418544353,-0.573695562570135,-0.47830640335128666,0.1275387911407192,-0.45307443365695793,-0.4316572113182282
0.0,0.0,0.48902397723381397,-0.9048566418544353,-0.047295495210988095,0.009126271693596649,-0.11346051119429132,-0.07766990291262135,-0.04897987948835414
0.0,0.0,1.9660586100337922,-0.9048566418544353,-0.573695562570135,2.8194195092758827,-1.987034613811095,-0.45307443365695793,2.1573463946345304
0.0,-180.0,0.12364512779731163,0.14576728584648319,0.07641547568643765,0.6264213046080191,-0.7060372281422954,1.7475728155339811,2.209497633226447
0.0,0.0,0.551889041331849,0.19020815131910235,1.3977931878307985,1.4552663076002395,0.14138705883115868,1.6440129449838192,1.0863666795870186
0.0,0.0,-0.6848005037808187,0.10048133389967717,0.13550720376275338,-0.2009275882704967,0.5577049870061457,0.07766990291262135,-0.21389055287360373
0.0,0.0,0.5754921084522869,0.09221712237660368,0.7237061023217276,0.7541891083183723,-0.08058542486938676,0.6860841423948221,0.5359596885020614
-1.0,0.0,4.475179939130901,-0.9048566418544353,2.06214981262653,22.603979652902453,-2.2173866544122234,2.964401294498382,17.689958537416164
-1.0,0.0,0.12778338262485947,-0.9048566418544353,0.12089761528122754,-0.3463494913225613,0.9023146529316322,0.06472491909385117,-0.32805948060185347
0.0,0.0,-0.24944006219837095,-0.9048566418544353,-1.20356948541057,-0.6356971873129862,-0.31715263245708597,-0.7896440129449839,-0.5552227586125892
0.0,0.0,0.02069061750865729,0.11119156905692747,0.1787045586624838,0.3119389587073609,-0.2555972976443703,0.11650485436893217,0.1887545955342567
0.0,0.0,-1.0228528128523124,-0.008105827371582929,-1.8745623889047331,-0.7431178934769599,-0.7979852198732874,-1.0485436893203886,-0.6395574192184362
0.0,-180.0,1.2745267330576264,-0.9048566418544353,0.7665937748062803,1.1581388390185519,-0.4144416657167998,3.171521035598706,3.044387281675417
0.0,0.0,-0.10439169441406167,0.18162387352525372,0.5892147063278779,0.7538898862956314,-0.2528969783341895,0.5307443365695795,0.5357247730129088
0.0,0.0,1.8382970026895087,-0.9048566418544353,0.0,2.451376421304608,-1.6512702971735003,-0.03883495145631055,1.8684003429766138
1.0,0.0,-0.24944006219837095,0.092577165892346,0.03091844737191189,0.01241771394374626,-0.01433894696100447,-0.012944983818770184,-0.046395809107673484
0.0,0.0,1.484630872449209,-0.9048566418544353,1.7767781233271995,1.5836325553560742,0.6033927025701681,2.3430420711974116,1.18714542443356
0.0,0.0,-0.4585787853601134,0.1255309574226106,0.38167959834568854,0.06837223219628964,0.40102595181732015,0.3106796116504857,-0.0024666126361041715
0.0,-180.0,-1.0109167921135178,0.05527994477767614,-0.24856195283177035,-0.5504189108318372,0.8569617510022348,1.2297734627831718,0.3616523955507008
0.0,0.0,-0.9455124372621938,0.14119200850736763,0.0,-0.06717534410532615,0.079710104702334,-0.03883495145631055,-0.10888332922231225
-1.0,0.0,0.3850848147544306,0.04058274451350234,0.5063576885193599,0.3319868342309994,0.1560827201376679,0.44012944983818775,0.2044939333074927
0.0,0.0,0.483617601913366,-0.00362980926196885,-3.178622490394887,0.3119389587073609,-2.268393177688188,-1.3592233009708738,0.1887545955342567
0.0,0.0,0.6292273063199033,-0.9048566418544353,0.4449928496206886,0.17220227408737282,0.31619942715717625,0.3754045307443366,0.07904906209990953
0.0,-324.0,-0.18510382876796766,-0.9048566418544353,0.38167959834568854,-0.5914123279473369,2.382724784041151,18.368932038834952,6.839212093449382
0.0,0.0,-0.21996815362936845,-0.9048566418544353,-0.5945774278077246,-0.6156493117893477,0.47920821583911855,-0.4660194174757281,-0.5394834208393531
0.0,0.0,-0.3687453726746659,0.10675524035845335,0.16440915759991,0.01002393776181927,0.17771841961338306,0.10355987055016198,-0.04827513302089569
0.0,-240.0,-0.19449224644654323,-0.9048566418544353,-3.2568364329777886,-0.5979952124476361,-1.8979876101342867,-0.7249190938511327,1.099521946979574
0.0,0.0,0.673477024353985,-0.9048566418544353,0.07641547568643765,0.2269599042489527,-0.27190135783913005,0.025889967637540624,0.12203859661486773
0.0,0.0,0.42337130216198854,-0.9048566418544353,-0.6156802692667753,-0.0620885697187313,-0.6726176637687367,-0.4789644012944983,-0.104889765906715
0.0,0.0,-0.29500687452912355,0.07894211100716757,-0.33881264363734936,-0.08243566726511072,-0.335598325601179,-0.2977346278317152,-0.12086401916910396
-1.0,0.0,-0.5143664380532702,0.0767268930697229,0.2623895606674656,-0.22546379413524836,0.8345470278269091,0.19417475728155353,-0.23315362298413148
0.0,0.0,-0.369708810935974,0.2639066032253184,0.8899856992413772,1.711998803111909,-0.6742328627346273,0.893203883495146,1.2879241692801016
-1.0,0.0,-0.4693632601688912,0.07364391918731716,0.06136483889867135,-0.21319569120287254,0.465158737266778,0.012944983818770184,-0.2235220879288676
0.0,0.0,-0.08796707404152344,-0.9048566418544353,-0.1287027129494464,-0.5207959305804907,0.9776224428013197,-0.14239482200647252,-0.46501521077792274
0.0,-60.0,1.2737327785292538,0.2601197936859154,2.169970660338387,3.5124177139437465,-0.19136341305292048,4.207119741100324,3.509332017806594
0.0,-180.0,0.8387570936784883,-0.9048566418544353,0.6236974082831742,0.44658886894075406,0.16230617612466672,2.8349514563106806,1.9271292152648087
0.0,0.0,0.3997734565044239,0.1418907110619433,0.8899856992413772,0.8607121484141232,0.026680039176092907,0.893203883495146,0.61958960264045
-1.0,120.0,-0.40531030588306405,0.05851368617298231,-0.49228834483167666,-0.23683423099940157,-0.2678574300154267,-0.7249190938511327,-0.5161093296686518
0.0,0.0,0.5757466078179374,0.20117465670655577,-0.1287027129494464,1.6042788749251944,-1.454528208041601,-0.14239482200647252,1.2033545931851017
1.0,0.0,0.5570522423626298,-0.9048566418544353,1.374468946404835,0.08632555356074208,2.3656550967446766,1.6051779935275086,0.011628316713062416
0.0,0.0,0.3362400216863812,-0.9048566418544353,-0.047295495210988095,-0.15185517654099343,0.17064602623519062,-0.07766990291262135,-0.17536441265254823
-1.0,-180.0,-0.13820985922169807,0.1805630795756945,0.06136483889867135,0.7185816876122083,-0.7998609197509007,1.7216828478964403,2.3542055745445576
0.0,0.0,-0.42668875202843726,-0.9048566418544353,-0.9125082062074844,-0.7482046678635548,0.416254188933807,-0.6472491909385113,-0.6435509825340334
0.0,0.0,-0.17704327697781116,0.05859156060499437,-0.2309917959254926,-0.08692399760622382,-0.19538817122744637,-0.22006472491909387,-0.12438775150639557
0.0,0.0,0.2166650116753933,-0.9048566418544353,-0.49228834483167666,-0.2667564332734889,-0.21398983349426084,-0.401294498381877,-0.2655719604872147
0.0,0.0,3.182987931884598,-0.9048566418544353,1.4131924914449674,8.494464392579294,-1.8458464946162,1.6699029126213596,6.612753561906104
0.0,0.0,-0.04246062461083917,-0.9048566418544353,-0.3022207929835589,-0.4860861759425494,0.5660817707465109,-0.27184466019417464,-0.4377650140362005
1.0,-60.0,-1.0371529425624537,0.041029137567353914,-1.5109767570225021,-0.6114602034709755,-0.7104979790713482,-0.7637540453074434,-0.37579430799769775
0.0,0.0,-0.8385684726306671,0.11243174349546074,0.0,-0.2078096947935368,0.356713282569408,-0.03883495145631055,-0.21929360912411755
0.0,0.0,0.6049756201498596,-0.9048566418544353,0.07641547568643765,0.1428785158587672,-0.15564024600383117,0.025889967637540624,0.05602734416293736
-1.0,0.0,-0.15729051804837996,-0.9048566418544353,-0.937281194452367,-0.5716636744464393,-0.13901822783339546,-0.6601941747572817,-0.5049508439338948
0.0,0.0,-0.32555909947622597,-0.9048566418544353,-2.5296651692133256,-0.6856672651107122,-1.4224839827646958,-1.2297734627831716,-0.594453645301103
0.0,0.0,-0.10802161343138336,0.04129623867932897,0.23488291893278562,-0.09919210053859964,0.4965265641376152,0.16828478964401317,-0.13401928656165943
0.0,0.0,0.23279242609830728,-0.9048566418544353,0.09135337256357953,-0.2517953321364452,0.6041050382404403,0.03883495145631081,-0.2538261860295758
0.0,-180.0,-0.7981210759375508,-0.009571365339227887,-0.9877699648189117,-0.6495212484141233,-0.003938175306652397,0.32362459546925587,0.20604436980396298
0.0,0.0,0.42337130216198854,-0.05621889038329086,0.4449928496206886,0.14377618192698982,0.3648937476120866,0.3754045307443366,0.056732090630395644
0.0,0.0,0.6370609740802726,0.0824874287974316,1.3349785488620658,0.7814183123877917,0.8282761265510066,1.5404530744336573,0.5573369980149641
0.0,0.0,0.24874608779430632,-0.9048566418544353,0.10618020598333919,-0.23683423099940157,0.5930006299893267,0.05177993527508099,-0.24208041157193708
0.0,0.0,2.421105267396843,-0.9048566418544353,2.6358453751966646,4.42115499700778,-0.004818311427224341,4.517799352750809,3.4148490080693468
0.0,0.0,0.09293931486916274,0.03869095396770364,0.015519143757742822,0.051615798922800715,-0.09785270762504394,-0.025889967637540368,-0.015621880028659654
-1.0,0.0,0.9013356117850189,0.05859156060499437,-0.3022207929835589,1.0351585876720526,-1.3117162686004695,-0.27184466019417464,0.7565453328165194
0.0,0.0,-0.19149856112720318,0.15217114602215906,0.3162901366712422,0.4298324356672651,-0.2303962437663081,0.24595469255663452,0.2813112982604507
0.0,-180.0,-0.03244994726564894,0.14723102034689803,0.2069915564660288,0.5091262716935967,-0.45107471345059746,1.980582524271845,2.02532388973067
0.0,0.0,-0.2849612916871862,-0.9048566418544353,-1.8745623889047331,-0.6593357271095153,-0.9640118538141608,-1.0485436893203886,-0.5737810822556585
1.0,0.0,-0.32555909947622597,0.13420770319154096,0.06136483889867135,0.20751047277079593,-0.2646104934210342,0.012944983818770184,0.10676908981993737
0.0,0.0,-0.814948581513333,0.08650488818608418,0.0,-0.3337821663674446,0.6557537101283848,-0.03883495145631055,-0.31819303005743677
0.0,0.0,-0.7776694147372147,0.10680895519334055,0.12089761528122754,-0.21169958108916817,0.5584420333428801,0.06472491909385117,-0.2223475104831037
0.0,-180.0,1.3525998523516647,0.07091149096594754,0.7019113508660741,1.8577199281867145,-0.937020609826817,3.016181229773463,4.142852108953805
0.0,-180.0,-0.16776449406386476,-0.9048566418544353,-0.9125082062074844,-0.5791442250149611,-0.08805981816434887,0.40129449838187725,0.3165486216333674
0.0,0.0,1.9463229393993455,0.08856069278255223,1.724977810717698,3.3888390185517654,-0.648654179922893,2.2394822006472497,2.6043905704922654
0.0,0.0,-1.0615539816957984,0.07217975986832502,-1.8745623889047331,-0.5028426092160383,-1.2081948396352038,-1.0485436893203886,-0.45092028142875595
0.0,0.0,0.07876882821182801,-0.9048566418544353,-1.175282487607027,-0.3882405745062837,-0.7687278262739621,-0.7766990291262137,-0.36094764908324234
0.0,0.0,-0.21214927890823393,-0.9048566418544353,-0.015640863775391253,-0.610263315380012,1.5367710578564455,-0.051779935275080735,-0.5352549420346031
-1.0,0.0,0.3511226048014857,-0.9048566418544353,-0.4333421841052229,-0.13689407540394974,-0.36329953333092535,-0.3624595469255664,-0.16361863819490935
0.0,0.0,1.4367549605800887,-0.9048566418544353,1.4055077038674915,1.4812986235786954,0.12843314732737832,1.6569579288025893,1.1068043271433103
0.0,0.0,-0.13532771403609012,-0.9048566418544353,-0.937281194452367,-0.5558049072411729,-0.17712572337365598,-0.6601941747572817,-0.4925003230087976
0.0,0.0,0.609957305438333,0.21646655968937992,1.7958615216683251,1.8319868342309995,0.39438519157076124,2.381877022653722,1.382125280430365
1.0,0.0,0.08090306526932718,0.14991738123378634,0.8999318540665001,0.6216337522441652,0.33395490135564676,0.9061488673139162,0.4318921268073812
0.0,0.0,-0.10479457961730572,-0.1915517891865682,-0.33881264363734936,-0.460951526032316,0.4368537436832018,-0.2977346278317152,-0.41803211294736714
0.0,0.0,-1.9955754543459878,0.12464456755439586,-0.2662882909582048,-0.49655894673847994,0.6568671927499288,-0.24595469255663424,-0.44598705615654766
0.0,0.0,0.10347889356416579,-0.9048566418544353,-0.2662882909582048,-0.3672950329144225,0.3112346058642989,-0.24595469255663424,-0.3445035648425479
0.0,0.0,0.2579210625807583,-0.9048566418544353,-0.573695562570135,-0.22815679233991623,-0.380825896200989,-0.45307443365695793,-0.23526786238650652
0.0,0.0,1.279123293570104,-0.9048566418544353,1.6446636047405212,1.166816277678037,0.853961577860567,2.084142394822007,0.8599081480437414
0.0,0.0,3.3434229209220425,-0.9048566418544353,0.3427037666446424,9.653351286654697,-2.2649732700192433,0.27184466019417486,7.522581251394812
0.0,0.0,0.31727245789687836,-0.9048566418544353,0.07641547568643765,-0.17070616397366847,0.3958757351592748,0.025889967637540624,-0.19016408846917326
-1.0,0.0,0.7166741327473499,0.2494162108920268,0.6798757685534742,2.451376421304608,-1.2140715262366644,0.6343042071197413,1.8684003429766138
